site,biome_slot,igbp,lat,lon,elevation_m,canopy_height_m,reference_height_m,years,n_halfhours,timestep_min,missing_required,has_lwup,has_g,cov_le,mean_le,cov_le_cor,mean_le_cor,cov_h,mean_h,cov_h_cor,mean_h_cor,cov_rn,mean_rn,cov_g,mean_g,cov_swup,mean_swup,cov_lwup,mean_lwup,cov_ustar,mean_ustar,cov_nee,mean_nee,cov_gpp,mean_gpp,cov_tair,mean_tair,cov_swdown,mean_swdown,cov_lwdown,mean_lwdown,cov_qair,mean_qair,cov_psurf,mean_psurf,cov_wind,mean_wind,cov_precip,mean_precip,cov_vpd,mean_vpd,cov_co2air,mean_co2air,cov_lai,mean_lai,range_failures,range_warnings,n_joint_valid,residual_qg_down,residual_qg_up,closure_slope,closure_intercept,closure_slope_cor,bowen_daytime,bowen_warm_season,swdown_peak_hour,mean_t_skin,dt_skin_air_day,dt_skin_air_night,cov_le_cor_uc,mean_le_cor_uc,cov_h_cor_uc,mean_h_cor_uc,le_uc_daytime,h_uc_daytime
AU-ASM,semiarid_sahel,ENF,-22.283000946044922,133.24899291992188,606.0,6.5,11.600000381469727,2011-2017,122736,30,,True,True,100.0,23.626,100.0,30.2741,100.0,86.532,100.0,111.6583,100.0,129.348,100.0,0.038,100.0,35.007,100.0,443.1808,100.0,0.3555,100.0,-0.0507,100.0,0.9669,100.0,296.0059,100.0,258.748,100.0,348.7503,100.0,0.0062,100.0,94537.2276,100.0,2.5473,100.0,0.0,100.0,2.1275,100.0,651.491,100.0,0.3606,,,122736,19.1524,19.2275,0.7723,10.298,0.9964,4.565,2.2749,12.5,297.246,4.698,-1.672,,,,,,
AU-How,semiarid_sahel,WSA,-12.495200157165527,131.14999389648438,41.0,16.0,23.0,2003-2017,262992,30,,True,True,100.0,93.414,88.971,109.8992,100.0,41.103,88.971,49.6432,100.0,150.419,100.0,0.345,100.0,33.4892,100.0,439.8961,100.0,0.3428,100.0,-1.47,100.0,5.2574,100.0,299.9167,100.0,234.2,100.0,392.2465,100.0,0.0145,100.0,100379.1995,100.0,1.5739,100.0,0.0001,100.0,1.2548,100.0,370.1859,100.0,1.818,,le_cor:26,262992,15.5561,16.247,0.7818,17.191,0.9513,0.5407,0.2681,12.5,296.897,-1.848,-3.972,,,,,,
AU-Rob,tropical_amazon,EBF,-17.11750030517578,145.63009643554688,710.0,44.0,40.0,2014-2017,70128,30,,True,True,100.0,91.103,92.628,126.6828,100.0,31.247,92.628,40.8031,100.0,150.982,100.0,-1.175,100.0,23.2099,100.0,415.9206,100.0,0.3293,100.0,-1.2508,100.0,6.2383,100.0,292.8403,100.0,205.4577,100.0,385.6128,100.0,0.0135,100.0,92842.8693,100.0,1.5666,100.0,0.0003,100.0,0.3457,100.0,398.8373,100.0,6.0545,,"le_cor:5,rn:1",70128,29.8058,27.4565,0.5985,31.289,0.8322,0.5248,0.484,12.5,292.721,0.654,-0.713,,,,,,
AU-Tum,temperate_hainich,EBF,-35.65660095214844,148.15170288085938,1200.0,40.0,70.0,2002-2017,140256,60,,True,True,100.0,71.25,96.18,93.5607,100.0,38.317,96.18,49.4039,100.0,101.596,100.0,-0.909,100.0,22.9195,100.0,360.8713,100.0,0.5672,100.0,-2.5802,100.0,7.2224,100.0,282.8908,100.0,195.9365,100.0,293.9806,100.0,0.006,100.0,87252.732,100.0,3.2225,100.0,0.0,100.0,0.4759,100.0,364.1756,100.0,3.5488,,swup:3,140256,-7.0623,-8.8809,0.6777,40.097,0.8682,0.8043,0.6772,11.0,282.606,1.113,-1.359,,,,,,
DE-Hai,temperate_hainich,DBF,51.079166412353516,10.45300006866455,430.0,33.0,43.5,2000-2012,227952,30,,False,True,76.921,32.195,92.956,29.7414,100.0,15.022,92.956,19.846,99.347,57.59,100.0,-0.137,99.347,17.3021,,,100.0,0.62,100.0,-1.4619,100.0,4.3398,100.0,281.4517,100.0,121.1442,100.0,311.2424,100.0,0.006,100.0,95962.3201,100.0,3.18,100.0,0.0,100.0,3.3837,100.0,385.4998,100.0,2.8179,,lwdown:5,175344,10.51,10.2353,0.8824,-3.721,0.9711,0.9576,0.639,12.0,,,,77.031,25.4591,77.031,40.924,50.135,56.554
FI-Hyy,boreal_siberia,ENF,61.84749984741211,24.295000076293945,181.0,14.0,23.0,1996-2014,333120,30,,False,True,100.0,25.777,61.074,31.0477,100.0,17.518,61.074,25.6674,80.692,54.048,53.918,0.213,77.852,13.9576,,,97.58,0.4623,100.0,-0.6514,100.0,3.0591,100.0,277.5189,100.0,99.0189,100.0,299.4576,100.0,0.0047,100.0,99107.9118,100.0,3.4299,100.0,0.0,100.0,2.8232,100.0,382.8847,100.0,2.1228,,,130104,10.5402,10.9664,0.7726,1.702,0.9818,1.2349,0.8498,12.0,,,,30.08,23.5067,30.28,42.7862,48.339,68.915
FR-Pue,mediterranean_iberia,EBF,43.741390228271484,3.595829963684082,270.0,6.5,11.0,2000-2014,262992,30,,False,True,100.0,28.434,76.697,42.0375,100.0,26.141,76.697,38.4419,98.143,80.437,56.898,-1.064,62.068,22.1696,,,94.889,0.4186,100.0,-0.6322,100.0,3.2207,100.0,286.8976,100.0,169.8375,100.0,316.5255,100.0,0.007,100.0,98357.9664,100.0,2.6747,100.0,0.0,100.0,6.6006,100.0,389.9097,100.0,1.5638,,,146265,26.9258,24.798,0.6616,0.654,0.9956,1.7049,1.9625,12.5,,,,48.621,21.6187,48.619,48.4992,40.724,70.405
GF-Guy,tropical_amazon,EBF,5.278771877288818,-52.92485809326172,48.0,35.0,55.0,2004-2014,192864,30,,False,False,100.0,109.01,,,100.0,21.303,,,98.682,141.822,,0.0,100.0,20.978,,,100.0,0.3678,100.0,-0.413,100.0,9.805,100.0,298.7636,100.0,200.2541,100.0,411.2085,100.0,0.0175,100.0,100654.5691,100.0,2.7964,100.0,0.0001,100.0,5.7293,100.0,392.466,100.0,6.0149,,,190322,11.5093,11.5093,0.7768,20.149,,0.2957,0.3025,12.5,,,,,,,,,
US-SRM,semiarid_sahel,WSA,31.821399688720703,-110.86599731445312,1120.0,2.5,6.400000095367432,2004-2014,192864,30,,False,True,100.0,24.845,100.0,31.1722,100.0,62.967,100.0,79.3932,100.0,100.304,100.0,1.67,96.815,39.3855,,,100.0,0.3388,100.0,0.067,100.0,0.7472,100.0,292.1562,100.0,240.1911,100.0,326.9637,100.0,0.0055,100.0,88882.216,100.0,2.5627,100.0,0.0,100.0,17.1553,100.0,383.0001,100.0,0.381,,,192864,10.8226,14.162,0.8063,8.287,1.0156,3.3058,2.0721,12.0,,,,100.0,14.9895,100.0,36.7411,24.237,59.313
